BASE,CROSS_H1,CROSS_H2,C1_R,C2_R,C1_L,C2_L,C3_R,C3_L,TOP,HG1,HG2,V,MEDIO
0.0,0.0,0.0,4.30655191526926,8.847641323656013,-4.30655191526926,-8.847641323656013,4.30655191526926,-4.30655191526926,0.0,3.3348156974487075,-3.3348156974487075,0.0,0.0
0.0,0.0,0.0,0.0,0.0,0.0,0.0,0.0,0.0,0.0,0.0,0.0,0.0,0.0
0.0,25.866614882118554,30.626614882118552,25.866614882118554,25.866614882118554,25.866614882118554,25.866614882118554,30.626614882118552,30.626614882118552,32.91510895997732,32.91510895997732,32.91510895997732,21.94340597331821,29.390861921047936
