h1a,h2a,h3a,hhg,lmen,lmen2c,lmenhg,pcma_x,pcma_y,phg1_x,phg1_y,phg2_x,phg2_y,D_fases,s_estructura,Dhg,theta_max,k,h_base_electrica,hg_centrado,ang_apantallamiento,b,altura_total
20.74728130911052,25.213947975777184,20.74728130911052,27.007671917324306,3.8550589376607167,7.7008597489033965,2.643045873044896,3.8550589376607167,22.713947975777184,2.643045873044896,27.007671917324306,-2.643045873044896,27.007671917324306,3.84580081124268,1.4666666666666666,3.225914539387465,49.05656541546236,0.65,6.950170592217177,False,30.0,1.0501705922171767,27.007671917324306
