{
  "hash_parametros": "eaa731ee5b7904c1e925b92dd23b6a55",
  "fecha_calculo": "2025-12-09T23:18:50.929424",
  "dimensiones": {
    "h1a": 26.02371672882661,
    "h2a": 30.78371672882661,
    "h3a": 26.02371672882661,
    "hhg": 33.08252332935431,
    "lmen": 4.306224177359535,
    "lmen2c": 8.859221461224152,
    "lmenhg": 3.3404418972779117,
    "pcma_x": 4.306224177359535,
    "pcma_y": 28.28371672882661,
    "phg1_x": 3.3404418972779117,
    "phg1_y": 33.08252332935431,
    "phg2_x": -3.3404418972779117,
    "phg2_y": 33.08252332935431,
    "D_fases": 4.5529972838646176,
    "s_estructura": 1.76,
    "Dhg": 3.8091337576383593,
    "theta_max": 54.93388856433491,
    "k": 0.65,
    "h_base_electrica": 7.160204710660612,
    "hg_centrado": false,
    "ang_apantallamiento": 30,
    "b": 1.260204710660612,
    "altura_total": 33.08252332935431,
    "autoajustar_lmenhg": true
  },
  "nodes_key": {
    "BASE": [
      0.0,
      0.0,
      0.0
    ],
    "CROSS_H1": [
      0.0,
      0.0,
      26.02371672882661
    ],
    "CROSS_H2": [
      0.0,
      0.0,
      30.78371672882661
    ],
    "C1_R": [
      4.306224177359535,
      0.0,
      26.02371672882661
    ],
    "C2_R": [
      8.859221461224152,
      0.0,
      26.02371672882661
    ],
    "C1_L": [
      -4.306224177359535,
      0.0,
      26.02371672882661
    ],
    "C2_L": [
      -8.859221461224152,
      0.0,
      26.02371672882661
    ],
    "C3_R": [
      4.306224177359535,
      0.0,
      30.78371672882661
    ],
    "C3_L": [
      -4.306224177359535,
      0.0,
      30.78371672882661
    ],
    "TOP": [
      0.0,
      0.0,
      33.08252332935431
    ],
    "HG1": [
      3.3404418972779117,
      0.0,
      33.08252332935431
    ],
    "HG2": [
      -3.3404418972779117,
      0.0,
      33.08252332935431
    ],
    "V": [
      0.0,
      0.0,
      22.055015552902873
    ],
    "MEDIO": [
      0.0,
      0.0,
      29.553120029090458
    ]
  },
  "imagen_estructura": "Estructura.eaa731ee5b7904c1e925b92dd23b6a55.png",
  "imagen_cabezal": "Cabezal.eaa731ee5b7904c1e925b92dd23b6a55.png"
}