{
  "hash_parametros": "1f0d679018433fbe9f403eb3f3e53dd4",
  "fecha_calculo": "2025-12-09T21:32:44.116598",
  "resultados_conductor": {
    "I": {
      "tension_daN_mm2": 4.263262340120207,
      "tiro_daN": 2091.5565040629735,
      "flecha_vertical_m": 15.806410171457943,
      "flecha_resultante_m": 15.806410171457943,
      "temperatura_C": 35.0,
      "carga_unitaria_daN_m": 1.653,
      "descripcion": "Tmáx",
      "porcentaje_rotura": 15.328373060190353,
      "espesor_hielo_cm": 0.0,
      "viento_velocidad": 0.0,
      "carga_viento_daN_m": 0,
      "peso_total_daN_m": 1.653,
      "peso_hielo_daN_m": 0.0
    },
    "II": {
      "tension_daN_mm2": 4.871299061086216,
      "tiro_daN": 2389.8593193688976,
      "flecha_vertical_m": 13.833450250423244,
      "flecha_resultante_m": 13.833450250423244,
      "temperatura_C": -20.0,
      "carga_unitaria_daN_m": 1.653,
      "descripcion": "Tmín",
      "porcentaje_rotura": 17.51454246514399,
      "espesor_hielo_cm": 0.0,
      "viento_velocidad": 0.0,
      "carga_viento_daN_m": 0,
      "peso_total_daN_m": 1.653,
      "peso_hielo_daN_m": 0.0
    },
    "III": {
      "tension_daN_mm2": 7.518008285573356,
      "tiro_daN": 3688.3348649022887,
      "flecha_vertical_m": 8.963394380102152,
      "flecha_resultante_m": 15.773091798945686,
      "temperatura_C": 10.0,
      "carga_unitaria_daN_m": 2.9088222204677865,
      "descripcion": "Vmáx",
      "porcentaje_rotura": 27.030669585212813,
      "espesor_hielo_cm": 0.0,
      "viento_velocidad": 38.9,
      "carga_viento_daN_m": 2.3934990516578742,
      "peso_total_daN_m": 1.653,
      "peso_hielo_daN_m": 0.0
    },
    "IV": {
      "tension_daN_mm2": 7.5176351195293885,
      "tiro_daN": 3688.1517896411183,
      "flecha_vertical_m": 14.799826424503465,
      "flecha_resultante_m": 15.212403700003378,
      "temperatura_C": -5.0,
      "carga_unitaria_daN_m": 2.8052826965455315,
      "descripcion": "Vmed",
      "porcentaje_rotura": 27.029327883042274,
      "espesor_hielo_cm": 1.0,
      "viento_velocidad": 15.56,
      "carga_viento_daN_m": 0.6489041873383569,
      "peso_total_daN_m": 2.7292003156955182,
      "peso_hielo_daN_m": 1.076200315695518
    },
    "V": {
      "tension_daN_mm2": 4.5339872688060465,
      "tiro_daN": 2224.3741540762467,
      "flecha_vertical_m": 14.862607506662647,
      "flecha_resultante_m": 14.862607506662647,
      "temperatura_C": 8.0,
      "carga_unitaria_daN_m": 1.653,
      "descripcion": "TMA",
      "porcentaje_rotura": 16.301752686524342,
      "espesor_hielo_cm": 0.0,
      "viento_velocidad": 0.0,
      "carga_viento_daN_m": 0,
      "peso_total_daN_m": 1.653,
      "peso_hielo_daN_m": 0.0
    }
  },
  "resultados_guardia": {
    "I": {
      "tension_daN_mm2": 6.717164767083658,
      "tiro_daN": 387.78192200373957,
      "flecha_vertical_m": 14.919571211842637,
      "flecha_resultante_m": 14.919571211842637,
      "temperatura_C": 35.0,
      "carga_unitaria_daN_m": 0.289277,
      "descripcion": "Tmáx",
      "porcentaje_rotura": 10.985323569511037,
      "espesor_hielo_cm": 0.0,
      "viento_velocidad": 0.0,
      "carga_viento_daN_m": 0,
      "peso_total_daN_m": 0.289277,
      "peso_hielo_daN_m": 0.0
    },
    "II": {
      "tension_daN_mm2": 7.553180232921281,
      "tiro_daN": 436.0450948465455,
      "flecha_vertical_m": 13.268214843779099,
      "flecha_resultante_m": 13.268214843779099,
      "temperatura_C": -20.0,
      "carga_unitaria_daN_m": 0.289277,
      "descripcion": "Tmín",
      "porcentaje_rotura": 12.3525522619418,
      "espesor_hielo_cm": 0.0,
      "viento_velocidad": 0.0,
      "carga_viento_daN_m": 0,
      "peso_total_daN_m": 0.289277,
      "peso_hielo_daN_m": 0.0
    },
    "III": {
      "tension_daN_mm2": 19.41096459022216,
      "tiro_daN": 1120.5949857935252,
      "flecha_vertical_m": 5.162917979597324,
      "flecha_resultante_m": 16.407855820065617,
      "temperatura_C": 10.0,
      "carga_unitaria_daN_m": 0.9193280479794319,
      "descripcion": "Vmáx",
      "porcentaje_rotura": 31.744900447408646,
      "espesor_hielo_cm": 0.0,
      "viento_velocidad": 38.9,
      "carga_viento_daN_m": 0.8726298625836,
      "peso_total_daN_m": 0.289277,
      "peso_hielo_daN_m": 0.0
    },
    "IV": {
      "tension_daN_mm2": 20.36712426825207,
      "tiro_daN": 1175.794084006192,
      "flecha_vertical_m": 14.59248695344924,
      "flecha_resultante_m": 16.140972613036507,
      "temperatura_C": -5.0,
      "carga_unitaria_daN_m": 0.9489230054257144,
      "descripcion": "Vmed",
      "porcentaje_rotura": 33.308614277795805,
      "espesor_hielo_cm": 1.0,
      "viento_velocidad": 15.56,
      "carga_viento_daN_m": 0.4055651170864731,
      "peso_total_daN_m": 0.8578879915401578,
      "peso_hielo_daN_m": 0.5686109915401578
    },
    "V": {
      "tension_daN_mm2": 7.094247980201336,
      "tiro_daN": 409.5509358970231,
      "flecha_vertical_m": 14.126545669656844,
      "flecha_resultante_m": 14.126545669656844,
      "temperatura_C": 8.0,
      "carga_unitaria_daN_m": 0.289277,
      "descripcion": "TMA",
      "porcentaje_rotura": 11.602009515496405,
      "espesor_hielo_cm": 0.0,
      "viento_velocidad": 0.0,
      "carga_viento_daN_m": 0,
      "peso_total_daN_m": 0.289277,
      "peso_hielo_daN_m": 0.0
    }
  },
  "df_cargas_totales": {
    "ID": {
      "0": 1,
      "1": 2,
      "2": 3,
      "3": 4,
      "4": 5,
      "5": 6,
      "6": 7,
      "7": 8,
      "8": 9,
      "9": 10,
      "10": 11,
      "11": 12,
      "12": 13,
      "13": 14,
      "14": 15,
      "15": 16,
      "16": 17,
      "17": 18,
      "18": 19,
      "19": 20,
      "20": 21,
      "21": 22,
      "22": 23,
      "23": 24,
      "24": 25,
      "25": 26,
      "26": 27,
      "27": 28,
      "28": 29,
      "29": 30,
      "30": 31,
      "31": 32,
      "32": 33,
      "33": 34,
      "34": 35,
      "35": 36,
      "36": 37,
      "37": 38,
      "38": 39,
      "39": 40,
      "40": 41,
      "41": 42,
      "42": 43,
      "43": 44,
      "44": 45,
      "45": 46,
      "46": 47,
      "47": 48,
      "48": 49,
      "49": 50,
      "50": 51,
      "51": 52,
      "52": 53,
      "53": 54,
      "54": 55,
      "55": 56,
      "56": 57,
      "57": 58,
      "58": 59,
      "59": 60,
      "60": 61,
      "61": 62
    },
    "Elemento": {
      "0": "Conductor",
      "1": "Cable Guardia",
      "2": "Conductor",
      "3": "Cable Guardia",
      "4": "Cadena",
      "5": "Estructura",
      "6": "Conductor",
      "7": "Conductor",
      "8": "Cable Guardia",
      "9": "Cable Guardia",
      "10": "Conductor",
      "11": "Conductor",
      "12": "Conductor",
      "13": "Conductor",
      "14": "Cable Guardia",
      "15": "Cable Guardia",
      "16": "Cable Guardia",
      "17": "Cable Guardia",
      "18": "Conductor",
      "19": "Conductor",
      "20": "Cable Guardia",
      "21": "Cable Guardia",
      "22": "Conductor",
      "23": "Conductor",
      "24": "Conductor",
      "25": "Conductor",
      "26": "Cable Guardia",
      "27": "Cable Guardia",
      "28": "Cable Guardia",
      "29": "Cable Guardia",
      "30": "Cadena",
      "31": "Cadena",
      "32": "Cadena",
      "33": "Cadena",
      "34": "Estructura",
      "35": "Estructura",
      "36": "Estructura",
      "37": "Estructura",
      "38": "Estructura",
      "39": "Estructura",
      "40": "Estructura",
      "41": "Estructura",
      "42": "Conductor",
      "43": "Conductor",
      "44": "Conductor",
      "45": "Conductor",
      "46": "Conductor",
      "47": "Conductor",
      "48": "Conductor",
      "49": "Conductor",
      "50": "Conductor",
      "51": "Conductor",
      "52": "Cable Guardia",
      "53": "Cable Guardia",
      "54": "Cable Guardia",
      "55": "Cable Guardia",
      "56": "Cable Guardia",
      "57": "Cable Guardia",
      "58": "Cable Guardia",
      "59": "Cable Guardia",
      "60": "Cable Guardia",
      "61": "Cable Guardia"
    },