{
  "hash_parametros": "eaa731ee5b7904c1e925b92dd23b6a55",
  "fecha_calculo": "2025-12-10T13:40:52.409278",
  "dimensiones": {
    "h1a": 26.02371672882661,
    "h2a": 30.78371672882661,
    "h3a": 26.02371672882661,
    "hhg": 33.08252332935431,
    "lmen": 4.306224177359535,
    "lmen2c": 8.859221461224152,
    "lmenhg": 3.3404418972779117,
    "pcma_x": 4.306224177359535,
    "pcma_y": 28.28371672882661,
    "phg1_x": 3.3404418972779117,
    "phg1_y": 33.08252332935431,
    "phg2_x": -3.3404418972779117,
    "phg2_y": 33.08252332935431,
    "D_fases": 4.5529972838646176,
    "s_estructura": 1.76,
    "Dhg": 3.8091337576383593,
    "theta_max": 54.93388856433491,
    "k": 0.65,
    "h_base_electrica": 7.160204710660612,
    "hg_centrado": false,
    "ang_apantallamiento": 30,
    "b": 1.260204710660612,
    "altura_total": 33.08252332935431,
    "autoajustar_lmenhg": true
  },
  "nodes_key": {
    "BASE": [
      0.0,
      0.0,
      0.0
    ],
    "CROSS_H1": [
      0.0,
      0.0,
      26.02371672882661
    ],
    "CROSS_H2": [
      0.0,
      0.0,
      30.78371672882661
    ],
    "C1_R": [
      4.306224177359535,
      0.0,
      26.02371672882661
    ],
    "C2_R": [
      8.859221461224152,
      0.0,
      26.02371672882661
    ],
    "C1_L": [
      -4.306224177359535,
      0.0,
      26.02371672882661
    ],
    "C2_L": [
      -8.859221461224152,
      0.0,
      26.02371672882661
    ],
    "C3_R": [
      4.306224177359535,
      0.0,
      30.78371672882661
    ],
    "C3_L": [
      -4.306224177359535,
      0.0,
      30.78371672882661
    ],
    "TOP": [
      0.0,
      0.0,
      33.08252332935431
    ],
    "HG1": [
      3.3404418972779117,
      0.0,
      33.08252332935431
    ],
    "HG2": [
      -3.3404418972779117,
      0.0,
      33.08252332935431
    ],
    "V": [
      0.0,
      0.0,
      22.055015552902873
    ],
    "MEDIO": [
      0.0,
      0.0,
      29.553120029090458
    ]
  },
  "imagen_estructura": "Estructura.eaa731ee5b7904c1e925b92dd23b6a55.png",
  "imagen_cabezal": "Cabezal.eaa731ee5b7904c1e925b92dd23b6a55.png",
  "memoria_calculo": "DISEÑO GEOMETRICO DE ESTRUCTURA - METODO AEA 95301\n================================================================================\n\nDATOS DE ENTRADA\n----------------------------------------\nTipo de estructura: Suspensión Recta\nTension nominal (Vn): 220 kV\nTension maxima (Vm): 245 kV\nZona: Rural\nDisposicion: triangular\nTerna: Doble\nCantidad cables guardia: 2\nAngulo de quiebre (alpha): 0 grados\nLongitud de cadena (Lk): 2.5 m\nAltura adicional libre (HADD): 0.4 m\nHADD entre amarres: 0.2 m\nAncho de cruceta: 0.3 m\nPeso de cadena: 10.5 daN\n\nPASO 0: COEFICIENTE DE AJUSTE POR ALTURA MSNM (Ka)\n------------------------------------------------------------\nNo se aplica ajuste por altura (altura <= 1000 msnm o desactivado)\nResultado: Ka = 1.000\n\nPASO 1: DETERMINACION DEL ANGULO DE DECLINACION THETA_MAX\n------------------------------------------------------------\nFormula: theta_max = arctan((Fv + Fca) / (Pc + Pcadena))\nDonde:\n  Fv = Fuerza de viento sobre conductor (daN)\n  Fca = Fuerza de viento sobre cadena de aisladores (daN)\n  Pc = Peso del conductor en el vano (daN)\n  Pcadena = Peso de la cadena (daN)\nResultado: theta_max = 54.93 grados\n\nPASO 2: DETERMINACION DEL COEFICIENTE K\n------------------------------------------------------------\n\nTabla de coeficientes k segun disposicion y angulo theta_max:\n\n  Disposicion    | <45°  | 45° a 55° | 55° a 65° | >65°\n  ---------------|-------|-----------|-----------|------\n  Vertical       | 0.70  |   0.75    |   0.85    | 0.95\n  Triangular     | 0.62  |   0.65    |   0.70    | 0.75\n  Horizontal     | 0.60  |   0.62    |   0.70    | 0.75\n\nSegun disposicion 'triangular' y theta_max = 54.93 grados\nResultado: k = 0.650\n\nPASO 3: CALCULO DE DISTANCIAS MINIMAS\n------------------------------------------------------------\na) Distancia minima entre fases (D):\n   Formula: D = k * √(fmax + Lk) + Ka * Vn / 150\n   Donde:\n     k = 0.650\n     fmax + Lk = 0.000 m\n     Ka = 1.000\n     Vn = 220 kV\n   Resultado: D = 4.553 m\n\nb) Distancia minima fase-estructura (s):\n   Formula: s = max(s_base * Ka, Ka * Vn / 150)\n   Donde:\n     s_base = 0.280 + 0.005 * (Vm - 50)\n     Vm = 245 kV\n     Ka = 1.000\n   Resultado: s = 1.760 m\n\nc) Distancia minima guardia-conductor (Dhg):\n   Formula: Dhg = k * √(fmax + Lk) + Ka * (Vn / √3) / 150\n   Resultado: Dhg = 3.809 m\n\nPASO 4: COMPONENTE ELECTRICO Y ALTURA BASE\n------------------------------------------------------------\na) Componente electrico (b):\n   Formula: b = 0.01 * (Vn / sqrt(3) - 22) * Ka  (si Vn > 33)\n   Resultado: b = 1.260 m\n\nb) Altura base electrica:\n   Formula: h_base = max(a + b, altura_minima_cable)\n   Donde:\n\n   Tabla de alturas minimas 'a' sobre terreno segun zona:\n\n     Zona              | Altura (m)\n     ------------------|------------\n     Peatonal          |   4.70\n     Rural             |   5.90\n     Urbana            |   8.38\n     Autopista         |   7.00\n     Ferrocarril       |   8.50\n     Linea Electrica   |   1.20\n\n     a = 5.90 m (altura minima sobre terreno para zona Rural)\n     b = 1.260 m\n     altura_minima_cable = 6.5 m\n   Resultado: h_base_electrica = 7.160 m\n\nPASO 5: CALCULO DE ALTURAS DE SUJECION\n------------------------------------------------------------\na) Primer amarre (h1a):\n   Formula: h1a = HADD + h_base_electrica + fmax + Lk\n   Resultado: h1a = 26.024 m\n\nb) Segundo amarre (h2a):\n   Formula: h2a = h1a + max(HADD_fase + s + Lk + ancho_cruceta, HADD_fase - Lk + D)\n   Resultado: h2a = 30.784 m\n\nPASO 6: CALCULO DE LONGITUD DE MENSULA\n------------------------------------------------------------\nFormula: lmen = max(s + Lk * sin(theta_max) + HADD_lmen, lmen_minima)\nDonde:\n  s = 1.760 m\n  Lk = 2.5 m\n  theta_max = 54.93 grados\n  lmen_minima = 1.3 m\nResultado: lmen = 4.306 m\nLongitud mensula segundo conductor (terna doble triangular):\n  Formula: lmen2c = lmen + D\n  Resultado: lmen2c = 8.859 m\n\nPASO 7: POSICION DEL CONDUCTOR MAS ALTO\n------------------------------------------------------------\nSegun disposicion 'triangular':\n  x = lmen = 4.306 m\n  y = altura_amarre_mas_alto - Lk = 28.284 m\n\nPASO 8: CALCULO DE CABLE GUARDIA\n------------------------------------------------------------\nConfiguracion: 2 cables guardia\nFormula altura: hhg = pcma_y + Dhg * cos(ang_apantallamiento) + HADD_hg\nFormula mensula: lmenhg = max(pcma_x - Dhg * sin(ang), lmenhg_minima)\nResultado: hhg = 33.083 m, lmenhg = 3.340 m\n\nTABLA RESUMEN DE RESULTADOS\n------------------------------------------------------------\nParametro                                Valor           Unidad    \n--------------------------------------------------------------------------------\nAngulo declinacion (theta_max)           54.93           grados    \nCoeficiente k                            0.650                     \nDistancia entre fases (D)                4.553           m         \nDistancia fase-estructura (s)            1.760           m         \nDistancia guardia-conductor (Dhg)        3.809           m         \nAltura base electrica                    7.160           m         \nAltura primer amarre (h1a)               26.024          m         \nAltura segundo amarre (h2a)              30.784          m         \nAltura tercer amarre (h3a)               26.024          m         \nLongitud mensula conductor (lmen)        4.306           m         \nLongitud mensula conductor 2 (lmen2c)    8.859           m         \nAltura cable guardia (hhg)               33.083          m         \nLongitud mensula guardia (lmenhg)        3.340           m         \nAltura total estructura                  33.083          m         \n================================================================================"
}