{
  "hash_parametros": "eaa731ee5b7904c1e925b92dd23b6a55",
  "fecha_calculo": "2025-12-09T23:11:27.289424",
  "resultados_conductor": {
    "I": {
      "tension_daN_mm2": 4.263624855421021,
      "tiro_daN": 2091.7343540695533,
      "flecha_vertical_m": 15.963512018165996,
      "flecha_resultante_m": 15.963512018165996,
      "temperatura_C": 35,
      "carga_unitaria_daN_m": 1.653,
      "descripcion": "Tmáx",
      "porcentaje_rotura": 15.329676468080272,
      "espesor_hielo_cm": 0,
      "viento_velocidad": 0,
      "carga_viento_daN_m": 0,
      "peso_total_daN_m": 1.653,
      "peso_hielo_daN_m": 0.0
    },
    "II": {
      "tension_daN_mm2": 4.865165501677993,
      "tiro_daN": 2386.8501951232233,
      "flecha_vertical_m": 13.98974538419917,
      "flecha_resultante_m": 13.98974538419917,
      "temperatura_C": -20,
      "carga_unitaria_daN_m": 1.653,
      "descripcion": "Tmín",
      "porcentaje_rotura": 17.492489520873754,
      "espesor_hielo_cm": 0,
      "viento_velocidad": 0,
      "carga_viento_daN_m": 0,
      "peso_total_daN_m": 1.653,
      "peso_hielo_daN_m": 0.0
    },
    "III": {
      "tension_daN_mm2": 7.5159386483005735,
      "tiro_daN": 3687.3195008562616,
      "flecha_vertical_m": 9.055745370653645,
      "flecha_resultante_m": 15.9295302582885,
      "temperatura_C": 10,
      "carga_unitaria_daN_m": 2.9077135497075353,
      "descripcion": "Vmáx",
      "porcentaje_rotura": 27.023228295025735,
      "espesor_hielo_cm": 0,
      "viento_velocidad": 38.9,
      "carga_viento_daN_m": 2.392151560238773,
      "peso_total_daN_m": 1.653,
      "peso_hielo_daN_m": 0.0
    },
    "IV": {
      "tension_daN_mm2": 7.515476614186413,
      "tiro_daN": 3687.0928269198544,
      "flecha_vertical_m": 14.952487926175474,
      "flecha_resultante_m": 15.368858123015855,
      "temperatura_C": -5,
      "carga_unitaria_daN_m": 2.8051982150600576,
      "descripcion": "Vmed",
      "porcentaje_rotura": 27.02156707160025,
      "espesor_hielo_cm": 1.0,
      "viento_velocidad": 15.56,
      "carga_viento_daN_m": 0.6485388674425117,
      "peso_total_daN_m": 2.7292003156955182,
      "peso_hielo_daN_m": 1.076200315695518
    },
    "V": {
      "tension_daN_mm2": 4.531706731260515,
      "tiro_daN": 2223.2553223564087,
      "flecha_vertical_m": 15.019159591894612,
      "flecha_resultante_m": 15.019159591894612,
      "temperatura_C": 8,
      "carga_unitaria_daN_m": 1.653,
      "descripcion": "TMA",
      "porcentaje_rotura": 16.29355311364169,
      "espesor_hielo_cm": 0,
      "viento_velocidad": 0,
      "carga_viento_daN_m": 0,
      "peso_total_daN_m": 1.653,
      "peso_hielo_daN_m": 0.0
    }
  },
  "resultados_guardia": {
    "I": {
      "tension_daN_mm2": 6.721151461396376,
      "tiro_daN": 388.0120738664128,
      "flecha_vertical_m": 15.060201555768728,
      "flecha_resultante_m": 15.060201555768728,
      "temperatura_C": 35,
      "carga_unitaria_daN_m": 0.289277,
      "descripcion": "Tmáx",
      "porcentaje_rotura": 10.99184345230631,
      "espesor_hielo_cm": 0,
      "viento_velocidad": 0,
      "carga_viento_daN_m": 0,
      "peso_total_daN_m": 0.289277,
      "peso_hielo_daN_m": 0.0
    },
    "II": {
      "tension_daN_mm2": 7.549796146269128,
      "tiro_daN": 435.84973152411675,
      "flecha_vertical_m": 13.407235604036758,
      "flecha_resultante_m": 13.407235604036758,
      "temperatura_C": -20,
      "carga_unitaria_daN_m": 0.289277,
      "descripcion": "Tmín",
      "porcentaje_rotura": 12.347017890201608,
      "espesor_hielo_cm": 0,
      "viento_velocidad": 0,
      "carga_viento_daN_m": 0,
      "peso_total_daN_m": 0.289277,
      "peso_hielo_daN_m": 0.0
    },
    "III": {
      "tension_daN_mm2": 19.42531552185772,
      "tiro_daN": 1121.423465076846,
      "flecha_vertical_m": 5.210823761476731,
      "flecha_resultante_m": 16.55170166561274,
      "temperatura_C": 10,
      "carga_unitaria_daN_m": 0.9188617427672404,
      "descripcion": "Vmáx",
      "porcentaje_rotura": 31.76837011549139,
      "espesor_hielo_cm": 0,
      "viento_velocidad": 38.9,
      "carga_viento_daN_m": 0.8721385896703862,
      "peso_total_daN_m": 0.289277,
      "peso_hielo_daN_m": 0.0
    },
    "IV": {
      "tension_daN_mm2": 20.386765068150847,
      "tiro_daN": 1176.9279473843483,
      "flecha_vertical_m": 14.724577160072819,
      "flecha_resultante_m": 16.28540506830844,
      "temperatura_C": -5,
      "carga_unitaria_daN_m": 0.9488254429032407,
      "descripcion": "Vmed",
      "porcentaje_rotura": 33.34073505338097,
      "espesor_hielo_cm": 1.0,
      "viento_velocidad": 15.56,
      "carga_viento_daN_m": 0.4053367921515698,
      "peso_total_daN_m": 0.8578879915401578,
      "peso_hielo_daN_m": 0.5686109915401578
    },
    "V": {
      "tension_daN_mm2": 7.095173249412743,
      "tiro_daN": 409.6043516885976,
      "flecha_vertical_m": 14.266303603489451,
      "flecha_resultante_m": 14.266303603489451,
      "temperatura_C": 8,
      "carga_unitaria_daN_m": 0.289277,
      "descripcion": "TMA",
      "porcentaje_rotura": 11.603522710725144,
      "espesor_hielo_cm": 0,
      "viento_velocidad": 0,
      "carga_viento_daN_m": 0,
      "peso_total_daN_m": 0.289277,
      "peso_hielo_daN_m": 0.0
    }
  },
  "df_cargas_totales": {
    "ID": {
      "0": 1,
      "1": 2,
      "2": 3,
      "3": 4,
      "4": 5,
      "5": 6,
      "6": 7,
      "7": 8,
      "8": 9,
      "9": 10,
      "10": 11,
      "11": 12,
      "12": 13,
      "13": 14,
      "14": 15,
      "15": 16,
      "16": 17,
      "17": 18,
      "18": 19,
      "19": 20,
      "20": 21,
      "21": 22,
      "22": 23,
      "23": 24,
      "24": 25,
      "25": 26,
      "26": 27,
      "27": 28,
      "28": 29,
      "29": 30,
      "30": 31,
      "31": 32,
      "32": 33,
      "33": 34,
      "34": 35,
      "35": 36,
      "36": 37,
      "37": 38,
      "38": 39,
      "39": 40,
      "40": 41,
      "41": 42,
      "42": 43,
      "43": 44,
      "44": 45,
      "45": 46,
      "46": 47,
      "47": 48,
      "48": 49,
      "49": 50,
      "50": 51,
      "51": 52,
      "52": 53,
      "53": 54,
      "54": 55,
      "55": 56,
      "56": 57,
      "57": 58,
      "58": 59,
      "59": 60,
      "60": 61,
      "61": 62
    },
    "Elemento": {
      "0": "Conductor",
      "1": "Cable Guardia",
      "2": "Conductor",
      "3": "Cable Guardia",
      "4": "Cadena",
      "5": "Estructura",
      "6": "Conductor",
      "7": "Conductor",
      "8": "Cable Guardia",
      "9": "Cable Guardia",
      "10": "Conductor",
      "11": "Conductor",
      "12": "Conductor",
      "13": "Conductor",
      "14": "Cable Guardia",
      "15": "Cable Guardia",
      "16": "Cable Guardia",
      "17": "Cable Guardia",
      "18": "Conductor",
      "19": "Conductor",
      "20": "Cable Guardia",
      "21": "Cable Guardia",
      "22": "Conductor",
      "23": "Conductor",
      "24": "Conductor",
      "25": "Conductor",
      "26": "Cable Guardia",
      "27": "Cable Guardia",
      "28": "Cable Guardia",
      "29": "Cable Guardia",
      "30": "Cadena",
      "31": "Cadena",
      "32": "Cadena",
      "33": "Cadena",
      "34": "Estructura",
      "35": "Estructura",
      "36": "Estructura",
      "37": "Estructura",
      "38": "Estructura",
      "39": "Estructura",
      "40": "Estructura",
      "41": "Estructura",
      "42": "Conductor",
      "43": "Conductor",
      "44": "Conductor",
      "45": "Conductor",
      "46": "Conductor",
      "47": "Conductor",
      "48": "Conductor",
      "49": "Conductor",
      "50": "Conductor",
      "51": "Conductor",
      "52": "Cable Guardia",
      "53": "Cable Guardia",
      "54": "Cable Guardia",
      "55": "Cable Guardia",
      "56": "Cable Guardia",
      "57": "Cable Guardia",
      "58": "Cable Guardia",
      "59": "Cable Guardia",
      "60": "Cable Guardia",
      "61": "Cable Guardia"
    },
    "Código": {
      "0": "Pc",
      "1": "Pcg",
      "2": "Pch",