{
  "hash_parametros": "1f0d679018433fbe9f403eb3f3e53dd4",
  "fecha_calculo": "2025-12-09T21:19:49.249256",
  "dimensiones": {
    "h1a": 25.866614882118554,
    "h2a": 30.626614882118552,
    "h3a": 25.866614882118554,
    "hhg": 32.91510895997732,
    "lmen": 4.30655191526926,
    "lmen2c": 8.847641323656013,
    "lmenhg": 3.3348156974487075,
    "pcma_x": 4.30655191526926,
    "pcma_y": 28.126614882118552,
    "phg1_x": 3.3348156974487075,
    "phg1_y": 32.91510895997732,
    "phg2_x": -3.3348156974487075,
    "phg2_y": 32.91510895997732,
    "D_fases": 4.541089408386753,
    "s_estructura": 1.76,
    "Dhg": 3.797225882160495,
    "theta_max": 54.946964531539926,
    "k": 0.65,
    "h_base_electrica": 7.160204710660612,
    "hg_centrado": false,
    "ang_apantallamiento": 30,
    "b": 1.260204710660612,
    "altura_total": 32.91510895997732,
    "autoajustar_lmenhg": true
  },
  "nodes_key": {
    "BASE": [
      0.0,
      0.0,
      0.0
    ],
    "CROSS_H1": [
      0.0,
      0.0,
      25.866614882118554
    ],
    "CROSS_H2": [
      0.0,
      0.0,
      30.626614882118552
    ],
    "C1_R": [
      4.30655191526926,
      0.0,
      25.866614882118554
    ],
    "C2_R": [
      8.847641323656013,
      0.0,
      25.866614882118554
    ],
    "C1_L": [
      -4.30655191526926,
      0.0,
      25.866614882118554
    ],
    "C2_L": [
      -8.847641323656013,
      0.0,
      25.866614882118554
    ],
    "C3_R": [
      4.30655191526926,
      0.0,
      30.626614882118552
    ],
    "C3_L": [
      -4.30655191526926,
      0.0,
      30.626614882118552
    ],
    "TOP": [
      0.0,
      0.0,
      32.91510895997732
    ],
    "HG1": [
      3.3348156974487075,
      0.0,
      32.91510895997732
    ],
    "HG2": [
      -3.3348156974487075,
      0.0,
      32.91510895997732
    ],
    "V": [
      0.0,
      0.0,
      21.94340597331821
    ],
    "MEDIO": [
      0.0,
      0.0,
      29.390861921047936
    ]
  },
  "imagen_estructura": "Estructura.1f0d679018433fbe9f403eb3f3e53dd4.png",
  "imagen_cabezal": "Cabezal.1f0d679018433fbe9f403eb3f3e53dd4.png"
}